<?xml version="1.0" encoding="UTF-8"?>
<project-private xmlns="http://www.netbeans.org/ns/project-private/1">
    <editor-bookmarks xmlns="http://www.netbeans.org/ns/editor-bookmarks/2" lastBookmarkId="2">
        <file>
            <url>src/Controlador/StockControlador.java</url>
            <bookmark id="2">
                <name/>
                <line>170</line>
                <key/>
            </bookmark>
        </file>
        <file>
            <url>src/Controlador/LoginControlador.java</url>
            <bookmark id="1">
                <name/>
                <line>233</line>
                <key/>
            </bookmark>
        </file>
    </editor-bookmarks>
    <open-files xmlns="http://www.netbeans.org/ns/projectui-open-files/2">
        <group>
            <file>file:/C:/Users/sam33/Desktop/SistemaVentaSoft/src/Controlador/CambiarContraseniaClienteControlador.java</file>
        </group>
    </open-files>
</project-private>
