<?xml version="1.0" encoding="UTF-8"?>
<project-private xmlns="http://www.netbeans.org/ns/project-private/1">
    <editor-bookmarks xmlns="http://www.netbeans.org/ns/editor-bookmarks/2" lastBookmarkId="2">
        <file>
            <url>src/Controlador/StockControlador.java</url>
            <bookmark id="2">
                <name/>
                <line>170</line>
                <key/>
            </bookmark>
        </file>
        <file>
            <url>src/Controlador/LoginControlador.java</url>
            <bookmark id="1">
                <name/>
                <line>297</line>
                <key/>
            </bookmark>
        </file>
    </editor-bookmarks>
    <open-files xmlns="http://www.netbeans.org/ns/projectui-open-files/2">
        <group>
            <file>file:/C:/Users/Alex/Desktop/AAA/SistemaVentaSoft/src/Controlador/VentanaEmpleadoControlador.java</file>
            <file>file:/C:/Users/Alex/Desktop/AAA/SistemaVentaSoft/src/Controlador/CambiarPassEmpleado.java</file>
            <file>file:/C:/Users/Alex/Desktop/AAA/SistemaVentaSoft/src/Controlador/VentanaClienteControlador.java</file>
            <file>file:/C:/Users/Alex/Desktop/AAA/SistemaVentaSoft/src/Vista/HistorialClienteVista.java</file>
            <file>file:/C:/Users/Alex/Desktop/AAA/SistemaVentaSoft/src/Controlador/HistorialClienteControlador.java</file>
            <file>file:/C:/Users/Alex/Desktop/AAA/SistemaVentaSoft/src/Controlador/LoginControlador.java</file>
            <file>file:/C:/Users/Alex/Desktop/AAA/SistemaVentaSoft/src/Vista/VentanaClienteVista.java</file>
        </group>
    </open-files>
</project-private>
