<?xml version="1.0" encoding="UTF-8"?>
<project-private xmlns="http://www.netbeans.org/ns/project-private/1">
    <editor-bookmarks xmlns="http://www.netbeans.org/ns/editor-bookmarks/2" lastBookmarkId="2">
        <file>
            <url>src/Controlador/LoginControlador.java</url>
            <bookmark id="1">
                <name/>
                <line>279</line>
                <key/>
            </bookmark>
        </file>
        <file>
            <url>src/Controlador/StockControlador.java</url>
            <bookmark id="2">
                <name/>
                <line>170</line>
                <key/>
            </bookmark>
        </file>
    </editor-bookmarks>
    <open-files xmlns="http://www.netbeans.org/ns/projectui-open-files/2">
        <group>
            <file>file:/C:/Users/Alex/Desktop/AAA/SistemaVentaSoft/src/Modelo/Archivo.java</file>
            <file>file:/C:/Users/Alex/Desktop/AAA/SistemaVentaSoft/src/Controlador/RegistroEmpleadoControlador.java</file>
            <file>file:/C:/Users/Alex/Desktop/AAA/SistemaVentaSoft/src/Controlador/RegistroProductoControlador.java</file>
            <file>file:/C:/Users/Alex/Desktop/AAA/SistemaVentaSoft/src/Vista/HistorialClienteVista.java</file>
            <file>file:/C:/Users/Alex/Desktop/AAA/SistemaVentaSoft/src/Controlador/HistorialClienteControlador.java</file>
            <file>file:/C:/Users/Alex/Desktop/AAA/SistemaVentaSoft/src/Modelo/NotaModelo.java</file>
            <file>file:/C:/Users/Alex/Desktop/AAA/SistemaVentaSoft/src/Controlador/LoginControlador.java</file>
            <file>file:/C:/Users/Alex/Desktop/AAA/SistemaVentaSoft/src/Modelo/Convertidor.java</file>
            <file>file:/C:/Users/Alex/Desktop/AAA/SistemaVentaSoft/src/Controlador/Print.java</file>
            <file>file:/C:/Users/Alex/Desktop/AAA/SistemaVentaSoft/src/Controlador/VentanaClienteControlador.java</file>
            <file>file:/C:/Users/Alex/Desktop/AAA/SistemaVentaSoft/src/Controlador/VentaControlador.java</file>
            <file>file:/C:/Users/Alex/Desktop/AAA/SistemaVentaSoft/src/Controlador/VentanaAdministradorControlador.java</file>
            <file>file:/C:/Users/Alex/Desktop/AAA/SistemaVentaSoft/src/Vista/VentanaEmpleadoVista.java</file>
            <file>file:/C:/Users/Alex/Desktop/AAA/SistemaVentaSoft/src/MVC/MVC.java</file>
            <file>file:/C:/Users/Alex/Desktop/AAA/SistemaVentaSoft/src/Controlador/NotaControlador.java</file>
            <file>file:/C:/Users/Alex/Desktop/AAA/SistemaVentaSoft/src/Modelo/ProductoModelo.java</file>
            <file>file:/C:/Users/Alex/Desktop/AAA/SistemaVentaSoft/src/Controlador/CambiarPassEmpleado.java</file>
            <file>file:/C:/Users/Alex/Desktop/AAA/SistemaVentaSoft/src/Vista/VentaVista.java</file>
            <file>file:/C:/Users/Alex/Desktop/AAA/SistemaVentaSoft/src/MVC/test.java</file>
            <file>file:/C:/Users/Alex/Desktop/AAA/SistemaVentaSoft/src/Modelo/AdministradorModelo.java</file>
            <file>file:/C:/Users/Alex/Desktop/AAA/SistemaVentaSoft/src/Modelo/EmpleadoModelo.java</file>
            <file>file:/C:/Users/Alex/Desktop/AAA/SistemaVentaSoft/src/Controlador/RegistroClienteControlador.java</file>
            <file>file:/C:/Users/Alex/Desktop/AAA/SistemaVentaSoft/src/Vista/VentanaAdministradorVista.java</file>
            <file>file:/C:/Users/Alex/Desktop/AAA/SistemaVentaSoft/src/Controlador/StockControlador.java</file>
            <file>file:/C:/Users/Alex/Desktop/AAA/SistemaVentaSoft/src/Controlador/InformacionAdministradorControlador.java</file>
            <file>file:/C:/Users/Alex/Desktop/AAA/SistemaVentaSoft/src/Controlador/ComisionesEmpleadoControlador.java</file>
            <file>file:/C:/Users/Alex/Desktop/AAA/SistemaVentaSoft/src/Controlador/VentanaEmpleadoControlador.java</file>
            <file>file:/C:/Users/Alex/Desktop/AAA/SistemaVentaSoft/src/Controlador/EditarEmpleadosControlador.java</file>
            <file>file:/C:/Users/Alex/Desktop/AAA/SistemaVentaSoft/src/Vista/InformacionClienteVista.java</file>
            <file>file:/C:/Users/Alex/Desktop/AAA/SistemaVentaSoft/src/Modelo/ClienteModelo.java</file>
            <file>file:/C:/Users/Alex/Desktop/AAA/SistemaVentaSoft/src/Controlador/CambiarContraseniaAdmiControlador.java</file>
            <file>file:/C:/Users/Alex/Desktop/AAA/SistemaVentaSoft/src/Vista/EditarEmpleadosVista.java</file>
            <file>file:/C:/Users/Alex/Desktop/AAA/SistemaVentaSoft/src/Controlador/CambiarContraseniaClienteControlador.java</file>
            <file>file:/C:/Users/Alex/Desktop/AAA/SistemaVentaSoft/src/Vista/VentanaClienteVista.java</file>
        </group>
    </open-files>
</project-private>
